{
  "model": "LogisticRegression",
  "accuracy": 0.8747268754552076,
  "precision": 0.45532646048109965,
  "recall": 0.5711206896551724,
  "f1": 0.5066921606118547,
  "roc_auc": 0.8007282920184914
}